{"cameraMode":{"drawMode":0,"name":"Shaded","section":"Shading Mode"},"sceneLighting":true,"audioPlay":false,"sceneViewState":{"m_AlwaysRefresh":false,"showFog":true,"showSkybox":true,"showFlares":true,"showImageEffects":true,"showParticleSystems":true,"showVisualEffectGraphs":true,"m_FxEnabled":true},"in2DMode":false,"pivot":{"x":-18.561492919921876,"y":0.21870708465576173,"z":45.54496765136719},"rotation":{"x":0.03512057289481163,"y":-0.25173458456993105,"z":0.009221418760716915,"w":0.9674237370491028},"size":49.401912689208987,"orthographic":false}