{"cameraMode":{"drawMode":0,"name":"Shaded","section":"Shading Mode"},"sceneLighting":true,"audioPlay":false,"sceneViewState":{"m_AlwaysRefresh":false,"showFog":true,"showSkybox":true,"showFlares":true,"showImageEffects":true,"showParticleSystems":true,"showVisualEffectGraphs":true,"m_FxEnabled":true},"in2DMode":false,"pivot":{"x":21.433902740478517,"y":1.8008143901824952,"z":-4.82783317565918},"rotation":{"x":-0.03472178429365158,"y":-0.06531840562820435,"z":0.002418444026261568,"w":-0.9973399043083191},"size":15.119643211364746,"orthographic":false}