{"cameraMode":{"drawMode":0,"name":"Shaded","section":"Shading Mode"},"sceneLighting":true,"audioPlay":false,"sceneViewState":{"m_AlwaysRefresh":false,"showFog":true,"showSkybox":true,"showFlares":true,"showImageEffects":true,"showParticleSystems":true,"showVisualEffectGraphs":true,"m_FxEnabled":true},"in2DMode":false,"pivot":{"x":127.31629180908203,"y":11.904370307922364,"z":83.26721954345703},"rotation":{"x":-0.05064314976334572,"y":0.33035165071487429,"z":0.017753206193447114,"w":0.9423323273658752},"size":74.82572174072266,"orthographic":false}